detector_id,threshold_sigma,background_mean_counts,poisson_std_counts,threshold_counts,poisson_tail_probability,background_total_intervals,expected_background_crossings,probability_at_least_one_background_crossing,empirical_background_crossing_count,empirical_false_positive_fraction
D001,2,7192.216666666666,84.80693760929388,7361.830541885254,0.023278646656730195,120,2.7934375988076234,0.940778159792006,4,0.03333333333333333
D001,3,7192.216666666666,84.80693760929388,7446.637479494548,0.001427563243271381,120,0.17130758919256572,0.15754074664664075,0,0.0
D001,4,7192.216666666666,84.80693760929388,7531.444417103842,3.5672708696869276e-05,120,0.004280725043624313,0.004271651828150591,0,0.0
D001,5,7192.216666666666,84.80693760929388,7616.251354713136,3.582068353354249e-07,120,4.298482024025099e-05,4.298390410084618e-05,0,0.0
