detector_id,threshold_sigma,background_mean_counts,background_std_counts,poisson_std_counts,threshold_counts,background_crossing_count,background_total_intervals,false_positive_fraction,poisson_tail_probability,expected_background_crossings_per_120,probability_at_least_one_background_crossing_per_120,signal_crossing_count,signal_total_intervals,signal_crossing_fraction,first_signal_crossing_min,first_event_crossing_min
D001,2,7192.216666666666,82.88588726751527,84.80693760929388,7361.830541885254,4,120,0.03333333333333333,0.023278646656730195,2.7934375988076234,0.940778159792006,15,15,1.0,39,45
D001,3,7192.216666666666,82.88588726751527,84.80693760929388,7446.637479494548,0,120,0.0,0.001427563243271381,0.17130758919256572,0.15754074664664075,14,15,0.9333333333333333,45,45
D001,4,7192.216666666666,82.88588726751527,84.80693760929388,7531.444417103842,0,120,0.0,3.5672708696869276e-05,0.004280725043624313,0.004271651828150591,11,15,0.7333333333333333,45,45
D001,5,7192.216666666666,82.88588726751527,84.80693760929388,7616.251354713136,0,120,0.0,3.582068353354249e-07,4.298482024025099e-05,4.298390410084618e-05,9,15,0.6,46,46
