detector_id,threshold_sigma,n_trials,intervals_per_trial,threshold_counts,mean_false_positive_fraction,median_false_positive_fraction,p05_false_positive_fraction,p95_false_positive_fraction,mean_crossing_count_per_trial,probability_at_least_one_crossing,analytical_poisson_tail_probability,analytical_probability_at_least_one_crossing
D001,2,10000,120,7361.830541885254,0.023385,0.025,0.0,0.05,2.8062,0.9481,0.023278646656730195,0.940778159792006
D001,3,10000,120,7446.637479494548,0.0014058333333333334,0.0,0.0,0.008333333333333333,0.1687,0.1574,0.001427563243271381,0.15754074664664075
D001,4,10000,120,7531.444417103842,3.2500000000000004e-05,0.0,0.0,0.0,0.0039,0.0039,3.5672708696869276e-05,0.004271651828150591
D001,5,10000,120,7616.251354713136,0.0,0.0,0.0,0.0,0.0,0.0,3.582068353354249e-07,4.298390410084618e-05
